Aaliyah Anderson;Saint Kitts and Nevis Vincenzaton 18941 Ellen Heights Kaya Plain Apt. 607;Fri Sep 14 1934 21:04:37 
Aaliyah Beier;Ireland West Patiencebury 3241 Kertzmann Crossroad Jewell Shores Apt. 925;Tue Dec 31 1935 04:05:16 
Aaliyah Botsford;Libyan Arab Jamahiriya New Waylontown 59315 Bartoletti Islands Gaylord Cliff Apt. 201;Mon Mar 09 1970 11:41:44 
Aaliyah Brakus;Saudi Arabia South Margie 66523 Robel Trace Stracke Expressway Suite 909;Mon Jul 05 1937 05:04:22 
Aaliyah Corwin;French Guiana Deonbury 48643 Thad Port Ariane Rapid Apt. 577;Mon May 03 1982 02:52:55 
Aaliyah Dietrich;Turkmenistan Port Cristian 1948 Zboncak Point Grimes Drive Suite 518;Wed Apr 19 1967 14:24:36 
Aaliyah Doyle;Greenland East Violabury 24825 Blanda Gateway Hulda Grove Suite 986;Tue Jun 26 1956 11:38:49 
Aaliyah Gibson;Costa Rica Leannafurt 1328 Preston Causeway Langosh Via Suite 123;Tue Oct 10 1995 19:29:10 
Aaliyah Gislason;Saint Vincent and the Grenadines Jameltown 17908 Guido Groves Demarco Stream Suite 815;Mon Dec 08 1958 05:45:42 
Aaliyah Glover;Tokelau Violabury 995 Jocelyn Summit Lesch Islands Suite 620;Sun Feb 13 1949 20:42:29 
