Ludie_Steuber57@hotmail.com;DlSYy1fOrS6kPs4;Thu Nov 05 2015 18:35:37 GMT+0000 (UTC)
Hector.Lueilwitz@gmail.com;0veVxd3RsTvg5oZ;Thu Aug 18 2016 10:37:53 GMT+0000 (UTC)
Rebeca.Kshlerin78@yahoo.com;qrIZWvrtMLSMGSe;Sat Jan 30 2016 05:17:55 GMT+0000 (UTC)
Connie86@gmail.com;LY05seKdJUXzJns;Sat Mar 26 2016 21:16:27 GMT+0000 (UTC)
Itzel.Dietrich@hotmail.com;CwGIN4WjHYEfLhg;Tue Sep 22 2015 14:35:50 GMT+0000 (UTC)
Van91@hotmail.com;rzVEaE0kCIkEN28;Tue Jul 26 2016 20:48:14 GMT+0000 (UTC)
Haylie39@yahoo.com;vKPgqMzgfIIHn3A;Sat May 28 2016 22:06:42 GMT+0000 (UTC)
Vivien.Towne11@yahoo.com;XAu9UwBIeZIk74h;Tue Sep 22 2015 15:31:50 GMT+0000 (UTC)
Waldo.Lindgren31@yahoo.com;K87CcAx4I9idvQZ;Tue May 03 2016 00:15:18 GMT+0000 (UTC)
Clare24@gmail.com;gm6DwEBZvVqJd7h;Thu Mar 03 2016 22:55:40 GMT+0000 (UTC)
Orval39@gmail.com;xiFqG2YXAXYYrws;Sat Feb 06 2016 14:16:39 GMT+0000 (UTC)
Dena_Bins@hotmail.com;NNOmBM6CHQoT4Ch;Fri Jan 29 2016 21:39:58 GMT+0000 (UTC)
Christopher_Gottlieb@hotmail.com;ovFrsd0QItrql1W;Sun Sep 11 2016 12:27:09 GMT+0000 (UTC)
Nicolette45@gmail.com;DYvve2Ut1BkblEz;Sat Apr 09 2016 00:08:18 GMT+0000 (UTC)
Kyleigh85@hotmail.com;ZEejPGRpU3Ri34h;Wed Mar 23 2016 18:12:34 GMT+0000 (UTC)
Leonie.Bayer1@yahoo.com;mh6QJhxvGgzI9Jm;Sun Nov 22 2015 02:31:27 GMT+0000 (UTC)
Sabryna81@yahoo.com;P4LPP4o2syWZQmZ;Mon Aug 22 2016 18:02:15 GMT+0000 (UTC)
Jonas_Halvorson51@yahoo.com;KqXJnknBE27iO78;Fri Jun 03 2016 22:57:50 GMT+0000 (UTC)
Lesly0@hotmail.com;9qzJMfV9JXbWKzh;Fri Sep 25 2015 16:35:26 GMT+0000 (UTC)
Alford.Pouros89@hotmail.com;VflDVVmTx0L3DX3;Thu Aug 18 2016 07:30:06 GMT+0000 (UTC)
Katlyn.Schmidt60@gmail.com;XsRiJpLjQe7JQiH;Tue Apr 19 2016 20:04:55 GMT+0000 (UTC)
Catharine_Ratke71@gmail.com;ClLhqrQBxPYTAWM;Mon Jan 11 2016 08:41:37 GMT+0000 (UTC)
Gavin26@gmail.com;uHkVWSw48omyRsz;Wed Aug 10 2016 02:40:57 GMT+0000 (UTC)
Keagan19@hotmail.com;wkeTL6bgiJdPhvo;Tue May 24 2016 04:04:28 GMT+0000 (UTC)
Freda99@gmail.com;dfBU_4MWE0kDpl3;Mon Mar 07 2016 01:07:24 GMT+0000 (UTC)
Audie_Gottlieb@hotmail.com;Ty7m_2MXXB9GsVz;Fri Jul 08 2016 17:34:36 GMT+0000 (UTC)
Judge97@yahoo.com;YazW0rXoEiDigxi;Tue Jan 26 2016 05:49:53 GMT+0000 (UTC)
Amir8@hotmail.com;uQ8nY8dmI9O6HnJ;Sun Aug 28 2016 05:21:20 GMT+0000 (UTC)
Mohammed_Volkman@gmail.com;XtQXyizT1F1UlRZ;Sun Jan 31 2016 12:49:58 GMT+0000 (UTC)
Torrance_Smith@yahoo.com;paClu3A3pbaXszs;Wed Dec 09 2015 04:35:58 GMT+0000 (UTC)
Sunny_Schaefer77@hotmail.com;z7LgR2TmKWJlzMY;Fri Apr 15 2016 08:26:26 GMT+0000 (UTC)
George61@yahoo.com;BFYQP15fBc11HC9;Tue Jun 21 2016 09:43:21 GMT+0000 (UTC)
Roman16@yahoo.com;hHQYSEkbYAsxjvG;Sun Nov 29 2015 12:19:30 GMT+0000 (UTC)
Khalid.Schinner9@hotmail.com;WrpAAnH94YS36iH;Fri Jan 08 2016 05:31:28 GMT+0000 (UTC)
Sharon_Johns@hotmail.com;e1D71Hx2DUkoexg;Wed Jul 13 2016 19:20:49 GMT+0000 (UTC)
Mossie_Pacocha1@gmail.com;wIB31VldEiFMYLn;Mon Oct 26 2015 06:51:16 GMT+0000 (UTC)
Maegan_Denesik@yahoo.com;JBdS9BvzXGe1hzr;Thu Jun 23 2016 02:49:24 GMT+0000 (UTC)
Lula.Ward@hotmail.com;T_Z6YsPOMcFfGhq;Fri Sep 02 2016 04:44:59 GMT+0000 (UTC)
Ara_Bauch26@hotmail.com;TYrdpuGONODmugF;Tue Dec 22 2015 07:11:01 GMT+0000 (UTC)
Avery_Schimmel@yahoo.com;_zvfEaWYLQ8QqqN;Mon Jan 18 2016 14:20:56 GMT+0000 (UTC)
Modesta.Quitzon@yahoo.com;knEE1V5VxIgOPuK;Thu Dec 17 2015 11:56:06 GMT+0000 (UTC)
Erling.Rau@hotmail.com;VCgeoC0AsAgmCUV;Sat Apr 30 2016 23:27:14 GMT+0000 (UTC)
Gregory34@hotmail.com;wW4pFbKvPlOOpwl;Sat Jul 09 2016 17:58:11 GMT+0000 (UTC)
Tina28@gmail.com;ES_5foAFFY9YGfJ;Sat Apr 02 2016 04:37:41 GMT+0000 (UTC)
Tre75@gmail.com;eBn7yqdCZDNIKgt;Wed Apr 13 2016 22:22:51 GMT+0000 (UTC)
Ellen.Kuhlman78@hotmail.com;KSDAKIMAlEauyw_;Sat Mar 19 2016 15:59:50 GMT+0000 (UTC)
Enrique.Koch@gmail.com;XAS7z9mLnVO1erA;Mon Sep 14 2015 04:50:20 GMT+0000 (UTC)
Amira44@yahoo.com;HDcKmVgdaWZx5mJ;Mon Feb 08 2016 11:50:38 GMT+0000 (UTC)
Glenna52@gmail.com;ek7KC7fGKyPPjib;Fri Nov 06 2015 03:52:36 GMT+0000 (UTC)
Shayne_Fritsch76@yahoo.com;5gqKnPcgAr7SwwR;Sun Jul 24 2016 12:33:05 GMT+0000 (UTC)
Sandra9@hotmail.com;TLnAXncdr7FQJub;Wed Dec 16 2015 19:35:14 GMT+0000 (UTC)
Santos.Wolff59@yahoo.com;Ekmbkz8K1qO0he3;Mon Oct 26 2015 00:47:34 GMT+0000 (UTC)
Brandy.Moore@gmail.com;7N3CeMU6Uat8t6a;Fri Oct 30 2015 04:22:46 GMT+0000 (UTC)
Faustino_Mills94@gmail.com;sZNIGaNlk406AEv;Thu Mar 31 2016 10:17:32 GMT+0000 (UTC)
Jovany.Zboncak@yahoo.com;anksHNZPYD1CgO4;Sat Apr 30 2016 12:29:53 GMT+0000 (UTC)
Sophie.Simonis@gmail.com;2dPXR_gPYvaXz6v;Sun Aug 21 2016 19:56:39 GMT+0000 (UTC)
Alexandro_Wiegand66@yahoo.com;Omgqxj2Riw2wMKP;Fri Mar 11 2016 04:10:20 GMT+0000 (UTC)
Fletcher.Farrell87@hotmail.com;lu6k09ozmNClxON;Mon Feb 22 2016 18:35:21 GMT+0000 (UTC)
Kennedi82@yahoo.com;XRFNHVCi4Puq7x3;Wed Mar 16 2016 10:51:34 GMT+0000 (UTC)
Reba_Dach4@yahoo.com;IWUAm_FmgC9o5_D;Tue Apr 19 2016 08:04:22 GMT+0000 (UTC)
Rubye28@gmail.com;Xdh6sW0zj5tM6hs;Fri Oct 09 2015 11:20:06 GMT+0000 (UTC)
Modesto.Luettgen@gmail.com;3yRLqnptQbyh2C_;Sun Mar 20 2016 11:59:49 GMT+0000 (UTC)
Richard11@gmail.com;hXo816hDdTOUQmv;Fri Jan 15 2016 07:26:05 GMT+0000 (UTC)
Fritz.Kozey46@hotmail.com;FVTsvLHqzCm7ks7;Fri Oct 30 2015 10:23:00 GMT+0000 (UTC)
Darby64@gmail.com;8cWpo_c8XEfePoJ;Sun Mar 06 2016 14:08:54 GMT+0000 (UTC)
Nelle30@hotmail.com;BTX_SZz9l3vNxO5;Sun Feb 14 2016 14:00:18 GMT+0000 (UTC)
Tia65@gmail.com;9gnB5ZSwehO9U08;Mon Jan 04 2016 04:39:53 GMT+0000 (UTC)
Lazaro46@gmail.com;JpuriWl46Egh4pu;Sun Dec 20 2015 01:12:44 GMT+0000 (UTC)
Blaise.Harber@hotmail.com;P7IJ_yy2qv2tGJ1;Fri Jun 03 2016 14:07:23 GMT+0000 (UTC)
Jaylen_Schaefer55@gmail.com;irRJzwxvm0hhVvO;Sat Sep 19 2015 20:54:50 GMT+0000 (UTC)
Darby_Gibson1@gmail.com;PgP0noOZiqbGB2h;Mon Jun 13 2016 02:33:40 GMT+0000 (UTC)
Lyda57@yahoo.com;TMxemehQBBW2SBE;Fri Oct 30 2015 04:47:38 GMT+0000 (UTC)
Creola54@hotmail.com;h9iHSz0pqMavmlX;Mon Apr 25 2016 08:48:48 GMT+0000 (UTC)
Geovanni.Pouros91@gmail.com;b1_sxd_pt1TRf3U;Mon Feb 08 2016 23:25:58 GMT+0000 (UTC)
Delpha.Schuster@yahoo.com;nAIVLLIXmDa4QHq;Sat Aug 20 2016 09:44:02 GMT+0000 (UTC)
Dedrick_Marquardt@yahoo.com;V7fqumOi_CUknyh;Wed Jan 27 2016 02:07:00 GMT+0000 (UTC)
Kassandra_Ullrich54@hotmail.com;Hlv5JF1Q4RA8ioO;Mon Jun 20 2016 09:11:59 GMT+0000 (UTC)
Flavio76@hotmail.com;tviSvrTVzdyaIuB;Sun Feb 21 2016 09:38:16 GMT+0000 (UTC)
Mariam_Schuppe0@hotmail.com;_HQJ_R9VYYbNQXM;Mon Mar 28 2016 20:21:27 GMT+0000 (UTC)
Ozella57@hotmail.com;wa25pySyM0E9A64;Wed Aug 10 2016 20:33:14 GMT+0000 (UTC)
Jacinto_Borer@yahoo.com;6nIKSsZyKDtOydl;Sat Aug 27 2016 12:09:58 GMT+0000 (UTC)
Agustina37@yahoo.com;_91CLpZtESiMb2N;Sat Oct 03 2015 22:54:46 GMT+0000 (UTC)
April95@hotmail.com;zGEGtePoaBaG_Vg;Sun Jan 31 2016 20:34:07 GMT+0000 (UTC)
Duncan_Renner55@yahoo.com;tyANj_ZbsVWk099;Mon May 09 2016 20:13:44 GMT+0000 (UTC)
Cyril.Greenholt@yahoo.com;pDQ4U3I7PQjawUP;Wed Mar 02 2016 05:30:09 GMT+0000 (UTC)
Foster.VonRueden14@hotmail.com;RY3EOOeHulj_UAC;Mon Apr 25 2016 01:32:53 GMT+0000 (UTC)
Kitty60@gmail.com;NHY80oncKwiLRkc;Tue May 31 2016 21:03:33 GMT+0000 (UTC)
Cecile74@hotmail.com;M2axxSVw4yq8SAn;Mon Nov 16 2015 06:55:07 GMT+0000 (UTC)
Dee63@yahoo.com;_r1LBtOhNrtjAEv;Sat Nov 14 2015 23:39:42 GMT+0000 (UTC)
Lillian.OReilly51@yahoo.com;fcnVASde_r8hg1P;Wed Nov 18 2015 00:31:52 GMT+0000 (UTC)
Elias_Monahan19@yahoo.com;6cQ_RrnBigBpPxi;Wed Jun 15 2016 01:57:58 GMT+0000 (UTC)
Lina.Kulas@yahoo.com;JiMAktaM_Z4lFTG;Thu Aug 18 2016 06:41:08 GMT+0000 (UTC)
Myriam.Crona@hotmail.com;HtMNKiVBj7iZcDN;Wed Sep 07 2016 17:35:32 GMT+0000 (UTC)
Mekhi_Stanton32@gmail.com;_BjxXCxxMLH1IxD;Sat Aug 27 2016 23:03:51 GMT+0000 (UTC)
Demetris.Herzog@gmail.com;sOv6V_pdjNCBpD2;Tue Aug 02 2016 02:09:59 GMT+0000 (UTC)
Sven_Goodwin@gmail.com;xpuPvBxSfk7mHwW;Fri Jun 17 2016 20:25:21 GMT+0000 (UTC)
Forrest_Ankunding93@hotmail.com;__bSe2IKs7I6fwK;Fri Apr 01 2016 17:31:00 GMT+0000 (UTC)
Arnulfo.Schmeler@hotmail.com;COnbcREHIEmiE8H;Fri Aug 05 2016 13:17:04 GMT+0000 (UTC)
Elena5@yahoo.com;_NNcbu0mQTDJ9F_;Wed Sep 16 2015 22:20:36 GMT+0000 (UTC)
Grant30@hotmail.com;NlbJ_hxdST_q8ek;Mon May 30 2016 03:07:25 GMT+0000 (UTC)
Dimitri_McClure@yahoo.com;rf9LfA5Mb3SrUYv;Sun Nov 08 2015 04:07:16 GMT+0000 (UTC)
Hollis_Crist@yahoo.com;QkBRWct1rux9vFd;Sun Jan 17 2016 04:21:39 GMT+0000 (UTC)
Michelle.West43@hotmail.com;rxX7BHFCTsDYBhJ;Wed Jan 20 2016 11:10:57 GMT+0000 (UTC)
Stefanie.Cronin33@gmail.com;NRNf4B7n9zOAw2a;Thu Oct 01 2015 15:43:59 GMT+0000 (UTC)
Doris_McKenzie@gmail.com;cvbxYxA1ToPaQFI;Wed Jan 20 2016 21:35:15 GMT+0000 (UTC)
Saul_Dach@hotmail.com;zgDlSVW9M8aDOoV;Mon Mar 14 2016 14:58:26 GMT+0000 (UTC)
Ernestina.Cummerata@gmail.com;M4hI_R8VFv2OZzN;Mon Nov 23 2015 19:48:05 GMT+0000 (UTC)
Gavin_Wuckert77@gmail.com;47IIKTVQku9zdZf;Mon Jan 04 2016 23:42:54 GMT+0000 (UTC)
Darien_Schaefer32@yahoo.com;0yK1I1jfVSpaRXx;Thu Dec 24 2015 07:42:38 GMT+0000 (UTC)
Ervin.Bernhard11@gmail.com;oMb9az0IUTCjBrH;Wed Apr 13 2016 00:34:44 GMT+0000 (UTC)
